sarbjeet,male
khalil,male
aashik,male
shazad,male
khalid,male
aashis,male
subjeet,male
ayub,male
umlesh,male
aashif,male
halkuji,male
ramdhin,male
ashwin,male
shobharam,male
galiya,male
phirdos,male
tripurari,male
yusaf,male
sankarlal,male
shagufta,male
nakul,male
tazaudeen,male
shakhtnsana,male
shanu,male
daler,male
moshin,male
shukveer,male
newal,male
asish,male
manit,male
sedarath,male
rasul,male
vasa,male
samer,male
harprasad,male
hadarali,male
sharukh,male
abhiraj,male
raghav,male
ramniwas,male
anirudh,male
avadh,male
jacob,male
mandeep,male
moharan,male
trlokchand,male
saranjeet,male
yuvraj,male
isthar,male
avnit,male
kaushal,male
akash,male
chandrram,male
ilayat,male
ramsawroop,male
maqsood,male
metily,male
montu,male
phoolo,male
cheete,male
balbeer,male
sattaram,male
ikramudeen,male
kaushar,male
vedh,male
sachin,male
ajaj,male
vude,male
nandram,male
bhagirath,male
sabeer,male
chhotu,male
khurshid,male
manoj,male
shivlal,male
birajbhushan,male
sobi,male
naim,male
chitrangan,male
parashu,male
manoish,male
amrudin,male
akbar,male
sakhichander,male
manmeet,male
ansar,male
trilochan,male
lukman,male
ruben,male
asif,male
vedprakash,male
aayush,male
ravidutt,male
chhanoyar,male
shailesh,male
prempal,male
sunder,male
bharat,male
mrityunjay,male
ansal,male
chinu,male
sartaj,male
anoj,male
animesh,male
pramatma,male
dorilal,male
devinder,male
naulesh,male
dord,male
jagmal,male
bhuvneshwar,male
karunakar,male
nannu,male
madanlal,male
deepanshu,male
maman,male
nasiar,male
fahim,male
ravish,male
daksh,male
momin,male
eliyas,male
sikandar,male
pancham,male
karim,male
salesh,male
aaenab,male
saizad,male
vasim,male
hakam,male
deerendra,male
sudhansu,male
vibhuti,male
dhananjay,male
mohmmad,male
hariom,male
rajit,male
sahna,male
rajnish,male
dhananjai,male
narayan,male
bhim,male
gurbachan,male
radhyshyam,male
nausad,male
bishesh,male
bajulal,male
saidul,male
sarad,male
sahnaj,male
rinkal,male
makhan,male
chitra,male
karamvir,male
binpal,male
shyam,male
shyan,male
deelip,male
shyad,male
sahnaz,male
gulfam,male
gurfaan,male
kalayan,male
dharmveer,male
sitender,male
gurlal,male
emran,male
omprakesh,male
shahir,male
uday,male
sabbir,male
meera,male
poma,male
abhinay,male
abhinav,male
moin,male
adnan,male
sukhpal,male
farmaan,male
usmaan,male
budhan,male
akif,male
jamad,male
babalu,male
akib,male
mager,male
jamal,male
akil,male
shabir,male
chandu,male
vijender,male
ranju,male
hiralal,male
bhorelal,male
mohan,male
gulashan,male
kashiram,male
koushik,male
jubed,male
dheeraj,male
ratwari,male
inayat,male
mokida,male
shakir,male
shakil,male
parash,male
juber,male
sarjeet,male
nabijan,male
rudmal,male
shakib,male
pukharam,male
shadab,male
bhupendar,male
zakir,male
henkhochon,male
sujeet,male
saroj,male
shadan,male
yaqub,male
bheema,male
vijesh,male
sohal,male
sohan,male
ramlakhan,male
adil,male
shanawaz,male
prabhatilal,male
amil,male
amin,male
sahabudeen,male
rabpreet,male
prashansa,male
sahdev,male
youraj,male
chandermani,male
ritesh,male
amit,male
amir,male
shishram,male
aidtya,male
akhlish,male
naman,male
adityalok,male
manju,male
munnem,male
hukamchand,male
kailash,male
sohail,male
nahid,male
sohaib,male
rambhul,male
akshpaat,male
chanderbal,male
shubhm,male
sheak,male
sudhanshu,male
munne,male
dwarika,male
mubashir,male
prameshwar,male
nazmuslam,male
sorav,male
anil,male
nishant,male
rajjit,male
bijender,male
devender,male
ibarhim,male
shivam,male
sorab,male
shanwaj,male
riyajudin,male
shulal,male
vivekanand,male
vinod,male
subrati,male
harender,male
nawed,male
gaurav,male
balwan,male
samadhan,male
mushir,male
manmohan,male
angad,male
harishankar,male
vikash,male
angan,male
sohanpal,male
dular,male
milap,male
hani,male
ketan,male
manmath,male
abhimanyu,male
madhusudan,male
shyamlal,male
punkaj,male
bhudhashen,male
lavtar,male
nasrul,male
brijlal,male
neelajan,male
bhanvar,male
sampat,male
satveer,male
waseem,male
damanjeet,male
warish,male
mahendar,male
dashrath,male
yaqoob,male
pravindra,male
laxmikant,male
mukeemuddin,male
shaukat,male
parashram,male
leelu,male
dhurender,male
rijakpal,male
navin,male
hashim,male
shubham,male
megharam,male
indervesh,male
rukshan,male
babupuri,male
chirag,male
tajinder,male
bashudev,male
ankit,male
lakshya,male
hasibul,male
vijay,male
daya,male
kulbhushan,male
rana,male
vaibav,male
rustam,male
parsanjeet,male
sakil,male
ramender,male
stifen,male
rani,male
sudhdev,male
balraj,male
balram,male
jayesh,male
sakir,male
munajir,male
lukkad,male
randheer,male
ujjwal,male
anjrej,male
methun,male
wahid,male
nabav,male
shispal,male
nabal,male
javed,male
shaurabh,male
jasvindir,male
akhalak,male
dipendra,male
sarfaraj,male
kanta,male
ratnesh,male
danish,male
samon,male
yograj,male
somnath,male
jagir,male
rasab,male
geernish,male
nijam,male
joginder,male
shekhar,male
ahmed,male
manjar,male
vithal,male
dhurpati,male
shayam,male
kajamuddih,male
tavinder,male
dimpu,male
ramjanam,male
tohseeem,male
sahbuddin,male
hardam,male
suleman,male
sarabjeet,male
bhart,male
sehzada,male
arindra,male
ram,male
raj,male
rohit,male
bhuneshwar,male
roopsingh,male
mishri,male
gutam,male
raeeyan,male
sulender,male
tilak,male
upendra,male
baldev,male
mousin,male
chhotelal,male
parvinder,male
penzin,male
ganpat,male
ramkumar,male
jasiram,male
sandeep,male
rajkumar,male
parathvi,male
naitik,male
dwrikaprasad,male
silender,male
prkesh,male
sethi,male
yasin,male
dulichand,male
sudeshwer,male
jagpati,male
satyanarayan,male
irphan,male
swami,male
pravesh,male
dharamvir,male
dushyant,male
devki,male
suresh,male
shashank,male
pavan,male
joholal,male
veeru,male
natha,male
mahtab,male
gangadhar,male
rahmat,male
rupak,male
shayamveer,male
vishvanath,male
rupan,male
forshan,male
gurdarshan,male
nadeem,male
sidharath,male
amritpal,male
mishrilaal,male
mithun,male
vilram,male
rituraj,male
shafibul,male
satnarayan,male
rambir,male
bhavuk,male
badal,male
sadip,male
shyoram,male
rayish,male
puswa,male
mohanram,male
naryan,male
sumesh,male
kavilash,male
zamile,male
jaykumar,male
sunil,male
dineesh,male
khalidur,male
fakerey,male
anokha,male
hazi,male
jagdiesh,male
shohan,male
aadesh,male
devashish,male
mustafa,male
iqbal,male
divansh,male
satayanarayan,male
omparkash,male
wakar,male
rambhajan,male
chandreshwar,male
jamshed,male
krishen,male
radhey,male
rupendra,male
alim,male
dakshya,male
saif,male
venkatswaran,male
shahboob,male
shakti,male
baban,male
barjraj,male
mustikeem,male
kamalkishore,male
yadram,male
rafeddin,male
atul,male
babar,male
jamaal,male
dishad,male
bhulan,male
azaz,male
shankarlal,male
bhisan,male
kunal,male
manku,male
jahagir,male
nirmal,male
azam,male
sheish,male
harinarayan,male
mukesh,male
shahnwaj,male
zaheer,male
veer,male
ranjan,male
ayush,male
yogesh,male
hasir,male
salauddin,male
gulshan,male
lokendra,male
nashimuddin,male
pardhuman,male
noornabi,male
muqhtar,male
kirti,male
chetna,male
asgar,male
saieman,male
vipendra,male
ayan,male
kirtiman,male
shashikant,male
navjoot,male
umanath,male
sachi,male
satyvrat,male
surja,male
rizwan,male
chela,male
haliya,male
vikram,male
jaipal,male
vikarm,male
niwas,male
yusuf,male
chanderpal,male
nanhe,male
sinil,male
vaibahv,male
satbir,male
bheem,male
firakat,male
jafar,male
ravinder,male
yeshpal,male
mangeram,male
kartar,male
majid,male
pitar,male
sonu,male
raghbir,male
megraaj,male
shayampuri,male
subesh,male
nankesh,male
satyapal,male
jeeshan,male
birju,male
harimohan,male
piyus,male
udai,male
rinkoo,male
dharvesh,male
vipin,male
harshit,male
akaash,male
jagnath,male
ammar,male
istyak,male
vibhash,male
deendyal,male
swadhin,male
andhav,male
raghu,male
tarachand,male
vipiv,male
birbal,male
sukumar,male
mahender,male
shoyab,male
kush,male
saddam,male
rambhool,male
nasir,male
paramjit,female
rajna,female
udita,female
roopam,female
aasmin,female
kamlajeet,female
alish,female
shagufta,female
majida,female
rahila,female
nitasha,female
amrat,female
chetana,female
manorma,female
dhakhadevi,female
mehvish,female
sefali,female
mandeep,female
shadhna,female
husainpreet,female
soniya,female
sarita,female
akash,female
zeenat,female
hajrati,female
jhanjhariya,female
parmeshwari,female
snjana,female
sakeena,female
satnam,female
pritibha,female
jasoda,female
gulnaaz,female
kritika,female
sarjaha,female
chandani,female
anjali,female
gulfsa,female
kaarti,female
manmeet,female
najni,female
shushma,female
rubee,female
rubey,female
deepanshi,female
jasmina,female
pryanka,female
deepa,female
krishka,female
aaradhana,female
kritika,female
tahira,female
aakanksha,female
mitlesh,female
krashana,female
pallvi,female
jashgul,female
chhamo,female
kangana,female
sneha,female
partima,female
suneeta,female
sunayna,female
koyali,female
renuka,female
fatma,female
sahnaz,female
kusum,female
soonam,female
shakshi,female
bhagwanti,female
sanjogta,female
shahin,female
meera,female
revakshi,female
deepali,female
gulista,female
manpritkour,female
satosh,female
farhaja,female
divya,female
kumud,female
jayda,female
shamshina,female
poojadevi,female
vidhya,female
sheela,female
ranju,female
nesha,female
chanda,female
mohan,female
soniya,female 
neema,female
chando,female
gulsida,female
dimple,female
samundri,female
surgayani,female
kanki,female
nazma,female
kanku,female
vijayta,female
resham,female
saroj,female
nirma,female
aaliya,female
gurmel,female
shumita,female
joshna,female
samaprveen,female
khairu,female
nasibu,female
ishmita,female
shahnam,female
aashiya,female
sajni,female
aasa,female
sunali,female
sarika,female
namita,female
ranjeeta,female
salini,female
manju,female
kailash,female
rashmi,female
arifa,female
tisha,female
rachpreet,female
firdous,female
pammy,female
rimjhim,female
anushka,female
tabbusum,female
subhdra,female
veejita,female
ntasha,female
rushali,female
tabsum,female
trepti,female
shanaz,female
pallawi,female
sugna,female
shanah,female
shanaj,female
murshida,female
meeramai,female
diya,female
richaraj,female
vinita,female
saraswati,female
isika,female
geeta,female
sahista,female
vineta,female
nitu,female
aparna,female
rachana,female
sandeepa,female
satvida,female
palak,female
upasna,female
koyal,female
samya,female
krishama,female
sana,female
shruti,female
kaushalya,female
sunpreet,female
samima,female
shivkumari,female
shakun,female
laltia,female
sadhna,female
sabana,female
aanamika,female
rani,female
ranu,female
raveena,female
champa,female
jeenat,female
shahna,female
jagviri,female
sabbo,female
anjaly,female
puspha,female
lakhmi,female
jyoty,female
kanti,female
bironica,female
nisha,female
mamta,female
kanta,female
kamla,female
manvi,female
kamli,female
kamini,female
puja,female
sunita,female
bhawna,female
bindu,female
sarla,female
rupanjali,female
sonali,female
mina,female
sanha,female
shadna,female
sharmistha,female
narbda,female
joyaa,female
minu,female
annielal,female
dipeeka,female
amna,female
parvinder,female
niksiya,female
rajeena,female
razni,female
chandini,female
ruppa,female
arshi,female
shalu,female
shkundla,female
varisha,female
pryanika,female
seetal,female
kavita,female
sahida,female
shabila,female
prinka,female
prinkya,female
astha,female
jasleen,female
deepika,female
shushila,female
rupam,female
rupal,female
umrawti,female
sukhvir,female
vinna,female
peenu,female
rajani,female
akansha,female
firoz,female
sahrul,female
sakila,female
bidhya,female
devanti,female
suriti,female
alapna,female
sabrina,female
hasina,female
indrvati,female
kasturi,female
mahadevi,female
bashanti,female
suntia,female
chanderkali,female
mitali,female
preti,female
nooreen,female
chanderkala,female
tanushri,female
ishu,female
bhanwari,female
sisty,female
tavvasum,female
harmeet,female
isha,female
tabwsum,female
deepshikha,female
ayushi,female
priti,female
ranjan,female
januka,female
najmin,female
laxmi,female
tamanna,female
premawati,female
prity,female
nayana,female
gulshan,female
tabasum,female
manwi,female
ranjana,female
sumirta,female
dhanwati,female
jinat,female
batloon,female
chetna,female
nasima,female
ranita,female
vironika,female
gulfsal,female
sudhama,female
tina,female
sufia,female
diksha,female
savia,female
rajbala,female
saneha,female
haliya,female
fornta,female
kumari,female
kumara,female
nargis,female
razida,female
iesha,female
areen,female
radikha,female
sarojni,female
afshana,female
mangla,female
rema,female
tanu,female
sonika,female
aesha,female
shetal,female
simren,female
manimegla,female
afrin,female
mhega,female
mahmun,female
aafreen,female
sahajha,female
rohila,female
jassi,female
zoya,female
jiya,female
nasim,female
pooja,female
yashoda,female
sivani,female
kokila,female
roma,female
karina,female
nimla,female
kali,female
ranjna,female
sunena,female
anjali,female
julee,female
pritee,female
laxami,female
maya,female
ritika,female
shivani,female
sipra,female
karisma,female
sania,female
sngeeta,female
anshika,female
apsana,female
chhanya,female
vishnu,female
rukshan,female
shajiya,female
safina,female
khurshida,female
gulnaza,female
mohani,female
rukshar,female
rekha,female
meghana,female
samiksa,female
shabnam,female
anupuma,female
ameera,female
hemuna,female
muskaan,female
shabreen,female
radha,female
batul,female
malika,female
uma,female
sabnam,female
faraha,female
khooshboo,female
sarah,female
parerna,female
chandrawati,female
tanuja,female
utpana,female
afrina,female
abhilasha,female
aamina,female
gyatri,female
anguri,female
priyanka,female
anshiya,female
saifali,female
sharda,female
sharjprit,female
shazida,female
amreeta,female
madhubala,female
nemsi,female
niti,female
nanki,female
fiza,female
arati,female
vandana,female
jani,female
noori,female
basanti,female
kanchan,female
piroj,female
rubiya,female
farina,female
purva,female
shamima,female
dipika,female
sukhdevi,female
nikhad,female
safika,female
bhagvati,female
panchu,female
jaspreet,female
darshna,female
luxmi,female
jaishmin,female
noreen,female
manpreet,female
aisha,female
sushma,female
arjina,female
shayma,female
bharti,female
snehlata,female
armita,female
shahina,female
afarin,female
shehnaz,female
zhini,female
yashmin,female
sawtri,female
jhumki,female
prabhila,female
nutan,female
ramdevi,female
phoolwanti,female
meenat,female
smriti,female
bhawani,female
ashnu,female
babita,female
nashima,female
bhanupriya,female
karishma,female
sanna,female
tahseen,female
vanshika,female
shipra,female
sawariya,female
madhvi,female
dhamini,female
huma,female
meenakshi,female
nupur,female
gurvinder,female
rakhee,female
satyvati,female
bimlesh,female
mahi,female
hemlata,female
gul,female
shukramani,female
sadiya,female
gulwasha,female
dimpal,female
sarsawati,female
ekta,female
joohi,female
rakki,female
sajiya,female
farzana,female
muskarn,female
choti,female
alina,female
husana,female
asmin,female
madhuri,female
nimmy,female
minakumari,female
rambha,female
charanjeet,female
siddhi,female
ramba,female
heena,female
shamina,female
pareeti,female
archna,female
siya,female
nirmala,female
jaiwanti,female
neeru,female
sunaina,female
aachal,female
harpreet,female
asmita,female
damini,female
sheelu,female
jenifer,female
murjina,female
rinky,female
tanvi,female
kaamini,female
riya,female
devi,female
mallika,female
niraj,female
dropati,female
shika,female
kushi,female
veenu,female
gargi,female
vidyawati,female
ayasha,female
